{
  "project_info": {
    "project_number": "810757990017",
    "project_id": "horreakotlin",
    "storage_bucket": "horreakotlin.firebasestorage.app"
  },
  "client": [
    {
      "client_info": {
        "mobilesdk_app_id": "1:810757990017:android:cd257c96db08b3dd0c8f80",
        "android_client_info": {
          "package_name": "com.example.week5project"
        }
      },
      "oauth_client": [
        {
          "client_id": "810757990017-b64mo36ne8s0s14m7anp1recfm0c2ogj.apps.googleusercontent.com",
          "client_type": 3
        }
      ],
      "api_key": [
        {
          "current_key": "AIzaSyACuP9HZzSCWNCUiGpcI6XSlQIu9UuBYXQ"
        }
      ],
      "services": {
        "appinvite_service": {
          "other_platform_oauth_client": [
            {
              "client_id": "810757990017-b64mo36ne8s0s14m7anp1recfm0c2ogj.apps.googleusercontent.com",
              "client_type": 3
            }
          ]
        }
      }
    }
  ],
  "configuration_version": "1"
}